ABSTRACTIONID,java.lang.ArithmeticException,java.lang.ArrayIndexOutOfBoundsException,java.lang.ArrayStoreException,java.lang.ClassCastException,java.lang.Error,java.lang.IllegalArgumentException,java.lang.IllegalMonitorStateException,java.lang.IllegalStateException,java.lang.IndexOutOfBoundsException,java.lang.NegativeArraySizeException,java.lang.NullPointerException,java.lang.NumberFormatException,java.lang.OutOfMemoryError,java.lang.RuntimeException,java.lang.StackOverflowError,java.lang.StringIndexOutOfBoundsException,java.lang.UnsupportedOperationException,java.util.ConcurrentModificationException,java.util.EmptyStackException,java.util.FormatFlagsConversionMismatchException,java.util.IllegalFormatConversionException,java.util.IllegalFormatPrecisionException,java.util.IllegalFormatWidthException,java.util.InputMismatchException,java.util.MissingFormatArgumentException,java.util.MissingFormatWidthException,java.util.NoSuchElementException,java.util.UnknownFormatConversionException,java.util.regex.PatternSyntaxException,Total Outputs
HumanEval_0_has_close_elements,0,7,0,0,0,0,0,0,158,0,7,0,0,7,0,0,0,7,0,0,0,0,0,0,0,0,2,0,0,188
HumanEval_100_make_a_pile,0,0,0,0,0,0,966,0,7,0,5,0,441,0,19,0,0,0,0,0,0,0,0,0,0,0,0,0,0,1438
HumanEval_101_words_string,0,6,0,0,0,0,0,0,0,0,0,0,0,0,12,2,0,0,0,0,0,0,0,0,0,0,0,0,0,20
HumanEval_102_choose_num,48,8,0,0,0,0,0,0,0,4,0,0,0,0,36,0,0,0,0,0,0,0,0,0,0,0,2,0,0,98
HumanEval_104_unique_digits,4,0,0,16,0,4,0,0,11,0,0,11,8,12,0,0,8,0,0,0,0,0,0,0,0,0,2,0,0,76
HumanEval_105_by_length,0,1,0,956,0,0,0,0,6,1,0,5,6,0,19,4,0,5,0,0,0,0,0,0,0,0,2,0,0,1005
HumanEval_106_f,0,0,0,0,4,0,624,0,51,0,0,0,8,8,9,0,24,0,0,0,0,0,0,0,0,0,0,0,0,728
HumanEval_107_even_odd_palindrome,0,24,0,0,0,0,1112,0,0,0,0,0,1,24,0,24,128,0,0,0,0,0,0,0,0,0,0,0,0,1313
HumanEval_108_count_nums,20,0,0,0,0,0,0,0,5,0,0,0,0,1,0,0,0,0,0,0,0,0,0,0,0,0,0,0,0,26
HumanEval_109_move_one_ball,0,9,4,484,0,0,0,0,175,0,0,0,8,0,31,0,0,0,8,0,0,0,0,0,0,0,1,0,0,720
HumanEval_10_make_palindrome,0,30,0,0,0,4,0,0,5,0,0,0,2,2,32,343,5,0,0,0,0,0,0,0,0,0,0,0,5,428
HumanEval_110_exchange,0,0,0,1063,0,0,0,0,48,0,4,0,0,14,7,0,42,7,0,0,0,0,0,0,0,0,0,0,0,1185
HumanEval_111_histogram,0,0,0,0,0,8,0,0,0,0,132,0,0,36,0,24,128,0,0,0,0,0,0,0,0,0,0,0,0,328
HumanEval_112_reverse_delete,0,283,0,0,0,0,0,0,269,0,0,0,0,27,0,786,40,0,4,0,0,0,0,0,0,0,0,0,27,1436
HumanEval_113_odd_count,0,4,0,0,0,0,0,0,1,0,0,3,0,0,0,13,0,0,0,0,99,0,0,0,30,0,0,0,0,150
HumanEval_114_minSubArraySum,0,0,0,0,0,0,0,0,133,0,5,0,0,12,24,0,12,0,0,0,0,0,0,0,0,0,3,0,0,189
HumanEval_115_max_fill,0,58,0,0,0,0,0,0,0,0,0,0,0,5,0,0,15,0,0,0,0,0,0,0,0,0,0,0,0,78
HumanEval_116_sort_array,8,42,0,1344,0,1,0,0,468,0,7,5,7,19,8,0,0,0,0,0,0,0,0,0,0,0,0,0,0,1909
HumanEval_117_select_words,0,0,0,0,0,0,0,0,0,0,0,0,6,35,1,6,28,0,0,0,0,0,0,0,0,0,0,0,5,81
HumanEval_118_get_closest_vowel,0,1,0,0,0,0,0,0,0,2,0,0,0,13,0,106,13,0,0,0,0,0,0,0,0,0,0,0,0,135
HumanEval_119_match_parens,0,2,0,0,12,13,0,0,36,0,18,0,9,48,26,40,48,0,96,0,0,0,0,0,0,0,0,0,12,360
HumanEval_11_string_xor,0,9,3,0,0,2,0,0,0,0,2,2,0,1,0,57,0,0,0,0,0,0,0,0,0,0,0,0,0,76
HumanEval_120_maximum,2,0,0,0,0,1,0,0,51,0,10,0,10,1,36,0,0,0,0,0,0,0,0,0,0,0,0,0,0,111
HumanEval_122_add_elements,1,0,0,0,5,5,0,0,34,0,0,0,0,0,9,0,5,0,0,0,0,0,0,0,0,0,1,0,0,60
HumanEval_123_get_odd_collatz,0,0,0,0,0,4,320,0,3,0,0,0,83,4,56,0,0,0,0,0,0,0,0,0,0,0,0,0,0,470
HumanEval_124_valid_date,0,862,0,0,0,10,0,0,0,0,0,166,0,0,0,33,0,0,0,0,0,0,0,0,0,0,5,0,0,1076
HumanEval_126_is_sorted,0,0,0,43,39,0,0,0,280,0,0,0,0,13,0,0,26,0,0,0,0,0,0,0,0,0,1,0,0,402
HumanEval_127_intersection,6,0,0,224,0,0,0,0,0,0,0,0,0,0,0,0,8,0,0,0,0,0,0,0,0,0,0,0,0,238
HumanEval_128_prod_signs,4,0,0,0,0,0,0,0,10,0,0,0,0,8,0,0,0,0,0,0,0,0,0,0,0,0,4,0,0,26
HumanEval_129_minPath,0,117,0,0,0,0,0,0,296,0,0,0,0,11,0,0,0,0,0,0,0,0,0,0,0,0,0,0,0,424
HumanEval_12_longest,0,2,0,0,0,0,0,0,2,0,17,0,0,0,0,0,0,0,0,0,0,0,0,0,0,0,40,0,0,61
HumanEval_130_tri,0,0,0,9,0,0,20,0,2021,0,0,0,26,0,102,0,0,0,0,0,0,0,0,0,0,0,0,0,0,2178
HumanEval_131_digits,0,0,0,0,0,0,63,0,0,0,0,2,0,0,0,0,0,0,0,0,0,0,0,0,0,0,0,0,0,65
HumanEval_132_is_nested,0,38,0,0,0,0,0,0,17,0,0,0,0,1,26,84,0,0,77,0,0,0,0,0,0,0,0,0,42,285
HumanEval_133_sum_squares,0,0,0,0,0,0,0,0,0,0,0,0,0,24,0,0,24,0,0,0,0,0,0,0,0,0,0,0,0,48
HumanEval_134_check_if_last_char_is_a_letter,0,7,0,0,0,1,0,0,0,0,0,0,9,0,0,383,50,0,0,0,0,0,0,0,0,0,0,0,0,450
HumanEval_135_can_arrange,0,438,0,0,0,3,0,0,1085,0,0,0,0,0,0,0,0,0,0,0,0,0,0,0,0,0,8,0,0,1534
HumanEval_136_largest_smallest_integers,0,0,0,247,0,10,0,0,2,0,17,0,0,0,0,0,77,0,0,0,0,0,0,0,0,0,35,0,0,388
HumanEval_138_is_equal_to_sum_even,78,4,0,0,0,0,0,0,0,0,0,8,0,24,19,0,96,0,0,0,0,0,0,0,0,0,0,0,0,229
HumanEval_13_greatest_common_divisor,250,0,0,0,0,2,0,0,4,0,0,0,0,2,44,0,0,0,0,0,0,0,0,0,0,0,0,0,0,302
HumanEval_140_fix_spaces,0,4,0,0,0,0,0,0,0,0,0,0,0,10,0,27,25,0,0,0,0,0,0,0,0,0,0,0,0,66
HumanEval_141_file_name_check,0,413,0,0,0,0,0,0,1,0,0,0,0,26,0,217,52,0,0,0,0,0,0,0,0,0,34,0,0,743
HumanEval_142_sum_squares,4,0,0,0,0,0,0,0,34,0,0,0,0,0,0,0,0,0,0,0,0,0,0,0,0,0,2,0,0,40
HumanEval_143_words_in_sentence,18,45,0,0,0,0,0,0,5,0,0,77,0,0,0,20,7,5,0,0,0,0,0,0,0,0,0,0,0,177
HumanEval_144_simplify,15,0,0,0,0,0,0,0,0,0,0,1255,8,0,13,0,0,0,0,0,0,0,0,0,0,0,0,0,0,1291
HumanEval_145_order_by_points,0,21,0,520,0,2,0,0,184,0,27,150,12,0,3,5,0,5,0,0,0,0,0,0,0,0,0,0,0,929
HumanEval_146_specialFilter,2,0,7,0,0,2,0,0,4,0,0,0,0,15,0,4,14,0,0,0,0,0,0,0,0,0,1,0,0,49
HumanEval_147_get_max_triples,0,0,0,0,0,0,692,0,29,0,0,0,0,0,0,0,4,0,0,0,0,0,0,0,0,0,0,0,0,725
HumanEval_148_bf,0,14,0,0,0,38,0,0,12,0,2,0,0,7,16,0,14,0,0,0,0,0,0,0,0,0,0,0,0,103
HumanEval_149_sorted_list_sum,0,7,0,0,0,0,0,0,34,0,0,68,38,0,0,23,0,24,0,0,0,0,0,0,0,0,0,0,0,194
HumanEval_14_all_prefixes,0,2,0,0,0,5,0,0,3,0,2,2,7,1,24,86,0,4,0,0,0,0,0,0,0,0,1,0,2,139
HumanEval_150_x_or_y,11,0,0,0,0,0,0,0,0,0,0,0,0,20,32,0,24,0,0,0,0,0,0,0,0,0,0,10,0,97
HumanEval_151_double_the_difference,0,0,0,0,14,0,0,0,1,0,0,0,0,28,0,0,56,0,0,0,0,0,0,0,0,0,1,0,0,100
HumanEval_152_compare,1,0,0,908,0,0,0,0,24,0,0,0,0,0,0,0,0,0,0,0,0,0,0,0,0,0,0,0,0,933
HumanEval_153_Strongest_Extension,0,70,0,0,0,9,0,0,191,0,29,22,0,21,0,274,0,0,0,8,0,0,0,0,0,0,2,0,0,626
HumanEval_154_cycpattern_check,5,116,0,0,0,0,0,0,70,0,0,0,2,0,28,572,6,0,0,0,0,0,0,0,0,0,0,0,0,799
HumanEval_155_even_odd_count,4,0,0,0,0,201,144,0,0,0,0,4,0,0,0,0,16,0,0,0,0,0,0,0,0,0,0,0,0,369
HumanEval_156_int_to_mini_roman,0,309,0,0,0,1,1064,0,23,0,26,14,34,15,100,15,42,0,0,0,13,0,0,0,0,0,0,0,0,1656
HumanEval_157_right_angle_triangle,2,0,0,0,0,0,0,0,0,0,0,0,0,22,0,0,99,0,0,0,0,0,0,0,0,0,0,0,0,123
HumanEval_158_find_max,0,0,0,0,0,0,0,0,19,0,245,0,0,20,0,127,30,0,0,0,0,0,0,0,0,0,0,0,0,441
HumanEval_159_eat,0,0,0,0,0,0,0,0,12,0,0,0,70,0,0,0,6,0,0,0,0,0,0,0,0,0,0,0,0,88
HumanEval_15_string_sequence,0,0,0,0,0,1,1023,0,0,0,0,15,4,0,0,1,0,0,0,0,0,0,0,0,0,0,0,0,0,1044
HumanEval_160_do_algebra,3,0,0,0,0,3,0,0,139,0,0,12,0,3,3,1,0,0,215,0,0,0,0,0,0,0,0,0,0,379
HumanEval_161_solve,0,1,8,0,0,6,0,0,0,0,0,0,0,0,0,7,0,0,6,0,0,0,0,0,0,0,0,0,0,28
HumanEval_162_string_to_md5,0,0,0,0,0,0,0,0,0,0,1,0,3,0,0,0,4,0,0,0,0,0,0,0,0,0,0,0,0,8
HumanEval_163_generate_integers,2,0,0,0,0,8,0,0,1,0,0,0,57,0,12,0,0,0,0,0,0,0,0,0,0,0,0,0,0,80
HumanEval_16_count_distinct_characters,0,0,0,0,0,0,0,0,0,0,0,0,0,15,0,0,35,0,0,0,0,0,0,0,0,0,0,0,0,50
HumanEval_17_parse_music,1,17,0,5,0,58,0,0,12,0,0,91,13,29,0,42,10,0,0,0,0,0,0,4,0,0,0,0,5,287
HumanEval_18_how_many_times,0,9,0,0,0,1,0,0,0,0,2,0,0,0,17,375,0,0,4,0,0,0,0,0,0,0,0,0,1,409
HumanEval_19_sort_numbers,0,9,0,0,0,6,0,0,1,0,27,1354,0,11,0,7,20,0,0,0,0,0,0,0,0,0,1,0,0,1436
HumanEval_1_separate_paren_groups,0,12,0,0,0,7,0,0,31,0,0,0,19,12,4,122,0,0,26,0,0,0,0,0,0,0,0,0,0,233
HumanEval_20_find_closest_elements,0,4,5,0,0,0,0,0,69,0,5,0,0,10,0,0,35,0,0,0,0,0,0,0,0,0,0,0,0,128
HumanEval_21_rescale_to_unit,0,0,0,0,0,0,0,0,12,0,0,0,0,0,0,0,0,20,0,0,0,0,0,0,0,0,0,0,0,32
HumanEval_22_filter_integers,0,0,0,48,3,2,0,1,1,0,0,21,0,15,0,0,0,0,0,0,0,0,0,0,0,0,0,0,0,91
HumanEval_23_strlen,0,0,0,0,0,0,0,0,0,0,0,0,0,6,0,0,0,0,0,0,0,0,0,0,0,0,0,0,0,6
HumanEval_24_largest_divisor,30,0,0,0,0,0,1365,0,0,0,0,0,10,0,10,0,0,0,0,0,0,0,0,0,0,0,1,0,0,1416
HumanEval_25_factorize,31,0,0,0,0,0,2696,0,7,0,0,0,1813,0,32,0,8,0,0,0,0,0,0,0,0,0,0,0,0,4587
HumanEval_26_remove_duplicates,0,0,0,364,3,0,0,0,3,0,0,0,0,3,0,0,9,1,0,0,0,0,0,0,0,0,1,0,0,384
HumanEval_27_flip_case,0,4,0,0,0,3,0,0,0,0,0,0,0,0,0,54,6,0,0,0,0,0,0,0,0,0,0,0,0,67
HumanEval_28_concatenate,0,0,0,0,0,0,0,0,3,0,0,0,0,0,2,0,0,0,0,0,0,0,0,0,0,0,5,0,0,10
HumanEval_29_filter_by_prefix,0,0,0,0,2,0,0,0,1,0,1,0,0,2,0,0,0,0,0,0,0,0,0,0,0,0,0,0,0,6
HumanEval_2_truncate_number,9,0,0,0,0,0,0,0,0,0,0,3,0,6,0,0,6,0,0,0,0,0,0,0,0,0,0,0,0,24
HumanEval_30_get_positive,1,0,0,1314,0,3,0,0,0,0,2,0,0,0,0,0,0,2,0,0,0,0,0,0,0,0,0,0,0,1322
HumanEval_31_is_prime,0,0,0,0,26,0,5850,0,0,0,0,0,0,52,0,0,26,0,0,0,0,0,0,0,0,0,0,0,0,5954
HumanEval_33_sort_third,0,0,0,488,0,0,0,0,1037,0,8,0,4,4,12,0,0,4,0,0,0,0,0,0,0,0,0,0,0,1557
HumanEval_34_unique,0,0,0,239,0,0,0,0,1,0,1,0,0,0,0,0,0,1,0,0,0,0,0,0,0,0,0,0,0,242
HumanEval_35_max_element,0,0,0,0,0,0,0,0,0,0,2,0,0,6,0,0,0,0,0,0,0,0,0,0,0,0,0,0,0,8
HumanEval_36_fizz_buzz,5,0,0,0,0,15,3984,0,0,0,0,0,8,16,49,0,16,0,0,0,0,0,0,0,0,0,0,0,0,4093
HumanEval_37_sort_even,0,0,0,1458,0,0,0,0,363,0,3,0,0,0,0,0,3,0,0,0,0,0,0,0,0,0,0,0,0,1827
HumanEval_39_prime_fib,9,30,0,0,0,0,1000,0,18,0,0,0,0,32,125,0,40,0,0,0,0,0,0,0,0,0,5,0,0,1259
HumanEval_3_below_zero,0,0,0,245,0,1,0,0,290,0,0,0,0,0,0,0,0,3,0,0,0,0,0,0,0,0,44,0,0,583
HumanEval_40_triples_sum_to_zero,1,7,0,3478,0,0,0,0,53,0,16,0,0,18,8,0,54,0,0,0,0,0,0,0,0,0,0,0,0,3635
HumanEval_41_car_race_collision,14,5,0,0,0,5,20,0,5,0,0,0,0,10,10,0,0,0,0,0,0,0,0,0,0,0,0,0,0,69
HumanEval_42_incr_list,0,0,0,156,0,0,0,0,20,0,0,0,2,1,2,0,0,26,0,0,0,0,0,0,0,0,3,0,0,210
HumanEval_43_pairs_sum_to_zero,0,6,0,26,9,0,0,0,58,0,18,0,0,18,0,0,54,9,0,0,0,0,0,0,0,0,1,0,0,199
HumanEval_44_change_base,0,3,0,0,0,54,0,0,0,0,0,48,16,0,132,12,3,0,0,0,0,0,0,0,0,0,0,2,0,270
HumanEval_46_fib4,0,4,0,0,0,24,16,0,0,0,0,0,0,0,584,0,12,0,0,0,0,0,0,0,0,0,0,0,0,640
HumanEval_47_median,0,0,0,15,0,0,0,0,24,0,0,0,0,0,5,0,0,0,0,0,0,0,0,0,0,0,3,0,0,47
HumanEval_48_is_palindrome,0,9,0,0,0,5,0,7,0,1,0,0,0,28,1,56,49,0,0,0,0,0,0,0,0,0,0,0,6,162
HumanEval_49_modp,378,0,0,0,0,67,0,0,0,0,0,0,0,6,105,0,0,0,0,0,0,0,0,0,0,0,2,0,0,558
HumanEval_4_mean_absolute_deviation,0,0,0,0,0,0,0,0,1,0,0,0,0,3,0,0,0,0,0,0,0,0,0,0,0,0,0,0,0,4
HumanEval_51_remove_vowels,0,0,0,0,0,7,0,0,0,0,0,0,0,42,0,6,21,0,0,0,0,0,0,0,0,0,0,0,0,76
HumanEval_52_below_threshold,0,0,0,0,0,0,0,6,0,0,0,0,0,12,1,0,0,0,0,0,0,0,0,0,0,0,0,0,0,19
HumanEval_54_same_chars,0,0,0,0,0,0,0,0,0,0,0,0,0,0,0,94,0,0,0,0,0,0,0,0,0,0,0,0,0,94
HumanEval_55_fib,0,0,0,0,0,8,1285,0,0,0,0,0,0,14,53,0,0,0,0,0,0,0,0,0,0,0,0,0,0,1360
HumanEval_56_correct_bracketing,0,37,0,0,0,0,0,12,63,0,12,0,0,125,0,249,99,0,24,0,0,0,0,0,0,0,0,0,0,621
HumanEval_57_monotonic,0,0,16,2520,0,0,0,0,163,0,109,0,0,0,8,0,8,0,0,0,0,0,0,0,0,0,0,0,0,2824
HumanEval_58_common,0,3,0,943,0,4,0,0,26,0,0,0,0,8,5,0,8,325,0,0,0,0,0,0,0,0,1,0,0,1323
HumanEval_59_largest_prime_factor,5,2,0,0,0,0,655,0,0,0,0,0,0,5,20,0,15,0,0,0,0,0,0,0,0,0,0,0,0,702
HumanEval_5_intersperse,0,0,0,0,0,1,0,0,71,0,0,0,7,0,0,0,0,4,0,0,0,0,0,0,0,0,2,0,0,85
HumanEval_60_sum_to_n,0,0,0,0,0,0,1865,0,3,0,0,0,0,0,9,0,0,0,0,0,0,0,0,0,0,0,0,0,0,1877
HumanEval_61_correct_bracketing,0,14,0,0,0,0,0,0,19,0,10,12,0,0,0,163,0,0,52,0,0,0,0,0,0,0,0,0,0,270
HumanEval_62_derivative,1,0,0,1790,0,0,0,0,73,0,0,0,0,0,0,0,0,0,0,0,0,0,0,0,0,0,0,0,0,1864
HumanEval_63_fibfib,6,1,0,0,0,12,602,0,0,0,0,0,0,14,645,0,7,0,0,0,0,0,0,0,0,0,0,0,0,1287
HumanEval_64_vowels_count,0,7,0,0,0,0,0,0,0,0,0,21,0,0,7,20,0,0,0,0,0,0,0,0,0,0,0,0,0,55
HumanEval_65_circular_shift,4,1,0,0,0,6,0,0,0,0,0,0,17,0,2,101,0,0,0,0,0,0,0,0,0,0,0,0,0,131
HumanEval_66_digitSum,0,0,0,0,0,5,0,0,0,0,0,8,0,8,0,1,0,0,0,0,0,0,0,0,0,0,0,0,0,22
HumanEval_67_fruit_distribution,70,1442,0,0,0,35,0,0,0,0,0,5766,0,28,7,7,0,0,0,0,0,0,0,0,0,0,0,0,0,7355
HumanEval_68_pluck,2,1,0,14,0,0,0,0,32,0,2,0,0,32,0,0,8,0,0,0,0,0,0,0,0,0,2,0,0,93
HumanEval_69_search,0,9,0,0,0,0,0,0,50,0,100,0,0,0,0,0,0,0,0,0,0,0,0,0,0,0,22,0,0,181
HumanEval_6_parse_nested_parens,0,2,0,0,0,3,0,0,71,0,0,28,3,6,9,3,3,0,47,0,0,0,0,0,0,0,3,0,6,184
HumanEval_70_strange_sort_list,0,0,0,358,0,2,0,0,248,0,8,0,50,1,169,0,0,0,0,0,0,0,0,0,0,0,87,0,0,923
HumanEval_71_triangle_area,0,0,0,0,0,11,0,0,0,0,0,0,0,9,6,0,18,0,0,0,9,0,0,0,0,0,0,0,0,53
HumanEval_72_will_it_fly,0,0,0,0,0,0,0,0,5,0,0,0,0,6,6,0,0,0,0,0,0,0,0,0,0,0,0,0,0,17
HumanEval_73_smallest_change,0,7,0,0,0,0,0,0,90,0,0,0,0,32,8,0,8,0,14,0,0,0,0,0,0,0,2,0,0,161
HumanEval_74_total_match,0,0,0,0,0,22,0,0,381,0,2,5,0,18,6,39,9,0,0,0,0,0,0,0,0,0,5,0,0,487
HumanEval_75_is_multiply_prime,10,4,0,0,0,12,2750,0,0,0,0,0,0,4,50,0,0,0,0,0,0,0,0,0,0,0,0,0,0,2830
HumanEval_76_is_simple_power,0,0,0,0,0,0,0,0,0,0,0,0,0,0,63,0,0,0,0,0,0,0,0,0,0,0,0,0,0,63
HumanEval_77_iscube,9,0,0,0,0,10,28,0,0,0,0,0,0,0,21,0,0,0,0,0,0,0,0,0,0,0,5,0,0,73
HumanEval_78_hex_key,8,10,0,0,0,13,0,0,0,0,0,82,0,8,6,21,0,3,0,0,0,0,0,5,0,0,0,0,0,156
HumanEval_79_decimal_to_binary,2,0,0,0,0,1,1600,0,0,0,0,3,68,4,10,18,8,0,0,8,3,0,0,0,0,1,0,4,0,1730
HumanEval_7_filter_by_substring,0,0,0,0,0,0,0,0,0,0,0,0,0,0,0,0,0,3,0,0,0,0,0,0,0,0,0,0,0,3
HumanEval_80_is_happy,0,94,0,0,0,0,0,0,4,0,0,0,0,24,0,411,24,0,0,0,0,0,0,0,0,0,0,0,0,557
HumanEval_81_numerical_letter_grade,0,0,0,0,0,8,0,0,26,0,0,0,0,7,0,0,18,0,0,0,0,0,0,0,0,0,0,0,0,59
HumanEval_82_prime_length,94,53,0,0,0,1,0,0,0,0,0,99,0,64,16,675,128,0,0,0,0,0,0,0,0,0,0,0,0,1130
HumanEval_83_starts_one_ends,16,0,0,0,0,0,40,0,0,0,0,0,0,0,35,0,5,0,0,0,0,0,0,0,0,0,0,0,0,96
HumanEval_84_solve,20,5,0,0,0,0,1630,0,0,0,0,4,5,5,10,0,0,0,0,0,0,5,3,0,0,5,0,0,0,1692
HumanEval_85_add,0,0,0,0,0,0,0,0,11,0,0,0,0,1,2,0,0,0,0,0,0,0,0,0,0,0,0,0,0,14
HumanEval_86_anti_shuffle,0,20,0,9,0,0,0,0,14,2,6,2,2,14,14,77,7,0,0,0,0,0,0,0,0,0,0,0,0,167
HumanEval_87_get_row,0,0,0,0,0,0,0,0,4,0,0,0,0,4,2,0,6,0,0,0,0,0,0,0,0,0,0,0,0,16
HumanEval_88_sort_array,0,1,7,411,0,9,0,0,72,0,6,0,3,0,0,0,14,4,0,0,0,0,0,0,0,0,0,0,0,527
HumanEval_89_encrypt,0,217,0,0,0,0,0,0,77,0,8,0,7,8,0,334,16,0,0,0,0,0,0,0,0,0,0,0,0,667
HumanEval_8_sum_product,2,0,0,36,0,1,0,0,3,0,0,0,0,0,0,0,0,0,0,0,0,0,0,0,0,0,1,0,0,43
HumanEval_90_next_smallest,0,0,0,1235,7,0,0,0,327,0,389,0,0,7,0,0,0,0,0,0,0,0,0,0,0,0,41,0,0,2006
HumanEval_91_is_bored,0,0,0,0,0,0,0,0,0,0,18,0,0,0,0,8,0,0,0,0,0,0,0,0,0,0,0,0,1,27
HumanEval_92_any_int,0,0,0,0,0,2,0,0,0,0,0,30,0,0,10,0,0,0,0,0,0,0,0,0,0,0,0,0,0,42
HumanEval_93_encode,0,261,0,0,0,5,0,0,5,0,0,0,0,0,0,234,5,0,0,0,0,0,0,0,0,0,0,0,0,510
HumanEval_94_skjkasdkd,67,0,0,0,0,1,0,0,27,0,0,0,0,0,0,0,0,0,0,0,0,0,0,0,0,0,1,0,0,96
HumanEval_95_check_dict_case,0,1,0,0,0,0,0,0,0,0,30,0,0,7,0,3,42,0,0,0,0,0,0,0,0,0,1,0,0,84
HumanEval_96_count_up_to,9,0,0,0,0,0,3520,0,5,0,0,0,16,0,0,0,20,0,0,0,0,0,0,0,0,0,0,0,0,3570
HumanEval_97_multiply,37,0,0,0,0,4,0,0,0,0,0,20,0,0,6,13,0,0,0,0,0,0,0,0,0,0,0,8,0,88
HumanEval_98_count_upper,0,0,0,0,0,0,0,0,0,0,0,0,0,42,0,25,42,0,0,0,0,0,0,0,0,0,0,0,0,109
HumanEval_99_closest_integer,9,16,0,0,0,9,0,0,0,0,0,1044,0,3,0,5,0,0,0,0,1,2,0,0,0,0,0,0,0,1089
HumanEval_9_rolling_max,0,2,0,879,0,4,0,0,451,0,7,0,10,2,1,0,0,3,0,0,0,0,0,0,0,0,19,0,0,1378
mbpp_100_next_smallest_palindrome,0,2,0,0,0,0,0,0,0,0,0,12,0,0,5,1,0,0,0,0,0,0,0,0,0,0,0,0,0,20
mbpp_101_kth_element,0,0,0,3,0,2,0,0,19,0,5,0,0,2,0,0,0,0,0,0,0,0,0,0,0,0,0,0,0,31
mbpp_102_snake_to_camel,0,0,0,0,0,0,0,0,0,0,0,0,0,0,0,6,0,0,0,0,0,0,0,0,0,0,0,0,0,6
mbpp_103_eulerian_num,13,0,0,0,0,0,0,0,0,0,0,0,0,0,244,0,0,0,0,0,0,0,0,0,0,0,0,0,0,257
mbpp_108_merge_sorted_list,0,3,0,0,0,0,0,0,55,0,0,0,4,0,0,0,0,0,0,0,0,0,0,0,0,0,0,0,0,62
mbpp_109_odd_Equivalent,0,3,0,0,0,0,0,3,3,0,0,9,0,0,2,45,0,0,0,0,0,0,0,0,0,0,0,0,1,66
mbpp_113_check_integer,0,0,0,0,0,0,0,0,0,0,0,5,0,0,0,0,0,0,0,0,0,0,0,0,0,0,0,0,0,5
mbpp_119_search,0,0,0,0,0,0,0,0,24,0,3,0,0,0,0,0,0,0,0,0,0,0,0,0,0,0,0,0,0,27
mbpp_11_remove_Occ,0,3,0,0,0,1,0,0,1,2,2,0,3,0,0,127,0,0,0,0,0,0,0,0,0,0,0,0,2,141
mbpp_123_amicable_numbers_sum,0,0,0,0,0,0,0,0,0,0,0,0,0,0,9,0,0,0,0,0,0,0,0,0,0,0,0,0,0,9
mbpp_125_find_length,0,2,0,0,0,0,0,0,0,0,0,4,0,0,24,14,0,0,0,0,0,0,0,0,0,0,0,0,0,44
mbpp_126_sum,24,0,0,0,0,0,0,0,0,0,0,0,0,0,24,0,0,0,0,0,0,0,0,0,0,0,0,0,0,48
mbpp_128_long_words,0,0,0,0,0,2,0,0,0,0,0,0,0,0,0,0,0,0,0,0,0,0,0,0,0,0,0,0,0,2
mbpp_129_magic_square_test,0,10,0,0,0,0,0,0,13,0,0,0,0,0,0,0,0,0,0,0,0,0,0,0,0,0,0,0,0,23
mbpp_12_sort_matrix,0,0,0,0,0,0,0,0,6,0,0,0,3,0,0,0,0,0,0,0,0,0,0,0,0,0,0,0,0,9
mbpp_130_max_occurrences,0,0,0,0,0,0,0,0,6,0,3,0,0,0,0,0,0,3,0,0,0,0,0,0,0,0,0,0,0,12
mbpp_135_hexagonal_num,3,0,0,0,0,0,0,0,0,0,0,3,0,0,12,0,0,0,0,0,0,0,0,0,0,0,0,0,0,18
mbpp_138_is_Sum_Of_Powers_Of_Two,4,3,0,0,0,0,0,3,0,0,0,0,3,0,5,0,0,0,0,0,0,0,0,0,0,0,0,0,0,18
mbpp_141_pancake_sort,3,0,0,0,0,0,0,0,47,0,0,0,4,0,3,0,0,3,0,0,0,0,0,0,0,0,0,0,0,60
mbpp_142_count_samepair,0,3,0,0,0,0,0,0,12,0,0,0,0,0,0,0,0,0,0,0,0,0,0,0,0,0,0,0,0,15
mbpp_14_find_Volume,3,0,0,0,0,8,0,0,0,0,0,0,0,0,8,0,0,0,0,0,0,0,0,0,0,0,0,0,0,19
mbpp_160_find_solution,3,0,0,0,0,2,0,0,0,0,6,0,0,0,10,0,3,0,0,0,0,0,0,0,0,0,0,0,0,24
mbpp_162_sum_series,0,0,0,0,0,0,0,0,0,0,0,0,0,0,3,0,0,0,0,0,0,0,0,0,0,0,0,0,0,3
mbpp_165_count_char_position,0,10,0,0,0,0,0,0,0,0,0,0,0,0,0,30,0,0,0,0,0,0,0,0,0,0,0,0,0,40
mbpp_166_find_even_pair,0,0,0,0,0,0,0,0,15,0,0,0,0,0,0,0,0,0,0,0,0,0,0,0,0,0,0,0,0,15
mbpp_16_text_lowercase_underscore,0,0,0,3,0,0,0,0,0,0,0,0,0,3,0,3,0,0,0,0,0,0,0,0,0,0,0,0,3,12
mbpp_171_perimeter_pentagon,0,0,0,0,0,0,0,0,0,0,0,0,0,0,3,0,0,0,0,0,0,0,0,0,0,0,0,0,0,3
mbpp_172_count_occurance,0,2,0,0,0,0,0,0,0,0,0,4,0,0,0,40,0,0,0,0,0,0,0,0,0,0,0,0,0,46
mbpp_17_square_perimeter,0,0,0,0,0,0,0,0,0,0,0,3,0,0,0,0,0,0,0,0,0,0,0,0,0,0,0,0,0,3
mbpp_18_remove_dirty_chars,0,18,0,0,0,0,0,0,0,0,0,0,0,0,3,0,0,0,0,0,0,0,0,0,0,0,0,0,0,21
mbpp_19_test_duplicate,0,0,0,0,0,0,0,0,4,0,0,0,0,0,0,0,0,0,0,0,0,0,0,0,0,0,0,0,0,4
mbpp_20_is_woodall,3,3,0,0,0,0,0,0,0,0,0,3,0,0,6,0,0,0,0,0,0,0,0,0,0,0,0,0,0,15
mbpp_223_is_majority,0,0,0,0,0,0,0,0,152,0,0,0,0,0,0,0,0,0,0,0,0,0,0,0,0,0,0,0,0,152
mbpp_226_odd_values_string,0,4,0,0,0,0,0,0,0,0,0,8,0,0,0,9,0,0,0,0,0,0,0,0,0,0,1,0,0,22
mbpp_227_min_of_three,0,0,0,0,0,2,0,0,0,0,0,0,0,0,0,0,0,0,0,0,0,0,0,0,0,0,0,0,0,2
mbpp_228_all_Bits_Set_In_The_Given_Range,0,0,0,0,0,0,0,0,0,0,0,0,0,0,9,0,0,0,0,0,0,0,0,0,0,0,0,0,0,9
mbpp_229_re_arrange_array,0,0,0,0,0,0,0,0,321,0,0,0,9,0,3,0,0,0,0,0,0,0,0,0,0,0,0,0,0,333
mbpp_234_volume_cube,3,0,0,0,0,0,0,0,0,0,0,0,0,0,0,0,0,0,0,0,0,0,0,0,0,0,0,0,0,3
mbpp_238_number_of_substrings,0,0,0,0,0,0,0,0,0,0,0,0,0,0,3,0,0,0,0,0,0,0,0,0,0,0,0,0,0,3
mbpp_239_get_total_number_of_sequences,8,3,0,0,0,3,0,0,3,0,3,0,0,0,22,0,0,0,0,0,0,0,0,0,0,0,0,0,0,42
mbpp_242_count_charac,0,0,0,0,0,0,0,0,0,0,0,0,0,0,0,6,0,0,0,0,0,0,0,0,0,0,0,0,0,6
mbpp_247_lps,0,78,0,0,0,0,0,0,0,0,0,0,0,0,3,30,0,0,0,0,0,0,0,0,0,0,0,0,0,111
mbpp_249_intersection_array,0,0,0,0,0,0,0,0,3,0,0,0,0,0,0,0,0,0,0,0,0,0,0,0,0,0,0,0,0,3
mbpp_251_insert_element,0,0,0,0,0,0,0,0,0,0,0,0,93,0,0,0,0,36,0,0,0,0,0,0,0,0,0,0,0,129
mbpp_256_count_Primes_nums,6,0,0,0,0,0,0,0,0,0,0,0,0,0,0,0,0,0,0,0,0,0,0,0,0,0,0,0,0,6
mbpp_260_newman_prime,0,3,0,0,0,0,0,0,0,0,0,0,0,0,55,0,0,0,0,0,0,0,0,0,0,0,0,0,0,58
mbpp_266_lateralsurface_cube,0,0,0,0,0,0,0,0,0,0,0,0,0,0,6,0,0,0,0,0,0,0,0,0,0,0,0,0,0,6
mbpp_269_ascii_value,0,0,0,0,0,0,0,0,0,0,3,9,0,3,0,3,0,0,0,0,0,0,0,0,0,0,0,0,0,18
mbpp_271_even_Power_Sum,0,0,0,0,0,0,0,0,0,0,0,0,0,0,3,0,0,0,0,0,0,0,0,0,0,0,0,0,0,3
mbpp_274_even_binomial_Coeff_Sum,6,0,0,0,0,0,0,0,0,0,0,0,0,0,6,0,0,0,0,0,0,0,0,0,0,0,0,0,0,12
mbpp_281_all_unique,0,6,0,0,0,0,0,0,7,0,0,0,0,0,0,0,0,5,0,0,0,0,0,0,0,0,0,0,0,18
mbpp_283_validate,18,29,0,0,0,0,0,1,0,0,18,3,0,0,0,3,0,3,0,0,0,0,0,0,0,0,0,0,0,75
mbpp_286_max_sub_array_sum_repeated,0,0,3,0,0,0,0,0,27,0,0,0,1,0,23,0,0,0,0,0,0,0,0,0,0,0,0,0,0,54
mbpp_291_count_no_of_ways,0,0,0,0,0,3,0,0,0,0,3,0,0,0,2,0,0,0,0,0,0,0,0,0,0,0,0,0,0,8
mbpp_292_find,9,0,0,0,0,0,0,0,0,0,0,0,0,0,4,0,0,0,0,0,0,0,0,0,0,0,0,0,0,13
mbpp_293_otherside_rightangle,0,0,0,0,0,0,0,0,0,0,0,0,0,0,3,0,0,0,0,0,0,0,0,0,0,0,0,0,0,3
mbpp_295_sum_div,27,3,0,0,0,0,0,0,0,0,0,0,0,0,0,0,0,0,0,0,0,0,0,0,0,0,0,0,0,30
mbpp_296_get_Inv_Count,0,0,0,0,0,0,0,0,33,0,0,0,0,0,0,0,0,0,0,0,0,0,0,0,0,0,0,0,0,33
mbpp_304_find_Element,0,12,0,0,0,1,0,0,87,0,0,0,0,0,3,0,0,0,0,0,0,0,0,0,0,0,0,0,0,103
mbpp_306_max_sum_increasing_subseq,0,0,0,0,0,0,0,0,6,0,3,0,0,0,0,0,0,0,0,0,0,0,0,0,0,0,0,0,0,9
mbpp_308_large_product,6,0,0,0,0,0,0,0,21,0,2,0,2,0,3,0,0,0,0,0,0,0,0,0,0,0,6,0,0,40
mbpp_388_highest_Power_of_2,0,0,0,0,0,1,0,0,0,0,0,0,0,0,0,0,0,0,0,0,0,0,0,0,0,0,3,0,0,4
mbpp_391_convert_list_dictionary,0,0,0,0,0,0,0,0,3,0,9,0,0,0,0,0,0,0,0,0,0,0,0,0,0,0,0,0,0,12
mbpp_392_get_max_sum,3,0,0,0,0,0,0,0,3,0,0,0,0,0,217,0,0,0,0,0,0,0,0,0,0,0,0,0,0,223
mbpp_395_first_non_repeating_character,0,0,0,0,0,0,0,0,0,0,0,0,0,0,0,11,0,0,0,0,0,0,0,0,0,0,3,0,0,14
mbpp_396_check_char,0,3,0,0,0,0,0,0,0,0,0,0,0,0,0,18,0,0,0,0,0,0,0,0,0,0,0,0,0,21
mbpp_397_median_numbers,0,3,0,0,0,0,0,0,0,0,0,3,0,4,5,0,0,0,0,0,3,0,0,0,0,0,0,0,0,18
mbpp_408_k_smallest_pairs,0,3,0,0,0,0,0,0,52,0,6,0,0,0,5,0,0,0,0,0,0,0,0,0,0,0,1,0,0,67
mbpp_412_remove_odd,0,0,0,0,0,0,0,0,2,0,0,0,0,0,0,0,0,6,0,0,0,0,0,0,0,0,1,0,0,9
mbpp_414_overlapping,0,0,0,0,0,0,0,0,2,0,0,0,0,0,0,0,0,0,0,0,0,0,0,0,0,0,1,0,0,3
mbpp_427_change_date_format,0,0,0,0,0,0,0,0,0,0,0,18,0,0,0,6,0,0,0,0,0,0,0,0,0,0,0,0,0,24
mbpp_428_shell_sort,0,0,0,0,0,0,0,0,19,0,0,0,0,0,0,0,0,0,0,0,0,0,0,0,0,0,0,0,0,19
mbpp_430_parabola_directrix,3,0,0,0,0,3,0,0,0,0,0,0,0,3,0,0,0,0,0,0,0,0,0,0,0,0,0,0,0,9
mbpp_434_text_match_one,0,0,0,0,0,0,0,0,0,0,0,0,0,0,0,4,0,0,0,0,0,0,0,0,0,0,0,0,3,7
mbpp_435_last_Digit,3,0,0,0,0,0,0,0,0,0,0,0,0,0,3,0,0,0,0,0,0,0,0,0,0,0,0,0,0,6
mbpp_436_neg_nos,0,0,0,0,0,0,0,0,6,0,0,0,0,0,0,0,0,8,0,0,0,0,0,0,0,0,0,0,0,14
mbpp_437_remove_odd,0,5,0,0,0,0,0,0,0,0,0,0,0,0,0,18,0,0,0,0,0,0,0,0,0,0,0,0,0,23
mbpp_441_surfacearea_cube,0,0,0,0,0,0,0,0,0,0,0,0,0,0,0,0,0,0,0,0,0,0,0,0,0,0,3,0,0,3
mbpp_447_cube_nums,0,0,0,0,0,0,0,0,6,0,0,0,3,0,0,0,0,3,0,0,0,0,0,0,0,0,0,0,0,12
mbpp_448_cal_sum,0,0,0,0,0,0,0,0,0,0,0,0,0,0,3,0,0,0,0,0,0,0,0,0,0,0,0,0,0,3
mbpp_450_extract_string,0,0,0,0,0,0,0,0,63,0,0,0,0,0,0,33,0,2,0,0,0,0,0,0,0,0,0,0,0,98
mbpp_454_text_match_wordz,0,2,0,0,0,0,0,0,0,0,0,0,0,0,0,0,0,0,0,0,0,0,0,0,0,0,0,0,0,2
mbpp_455_check_monthnumb_number,1,0,0,0,0,1,0,0,0,0,0,0,0,0,0,0,0,0,0,0,0,0,0,0,0,0,3,0,0,5
mbpp_459_remove_uppercase,0,0,0,0,0,0,0,0,0,0,0,0,0,0,0,3,0,0,0,0,0,0,0,0,0,0,0,0,0,3
mbpp_460_Extract,0,0,0,0,0,0,0,0,3,0,0,0,0,0,0,0,0,0,0,0,0,0,0,0,0,0,0,0,0,3
mbpp_461_upper_ctr,0,3,0,0,0,0,0,0,0,0,0,0,0,0,0,15,0,0,0,0,0,0,0,0,0,0,0,0,0,18
mbpp_464_check_value,0,0,0,0,0,0,0,0,0,0,3,0,0,0,0,0,0,0,0,0,0,0,0,0,0,0,0,0,0,3
mbpp_468_max_product,0,0,0,0,0,0,0,0,9,0,0,0,0,0,0,0,0,0,0,0,0,0,0,0,0,0,0,0,0,9
mbpp_472_check_Consecutive,0,3,0,0,0,0,0,0,52,0,0,0,0,0,0,0,0,0,0,0,0,0,0,0,0,0,8,0,0,63
mbpp_474_replace_char,0,9,0,0,0,0,0,0,0,0,0,0,0,0,0,12,0,0,0,0,0,0,0,0,0,0,0,0,6,27
mbpp_476_big_sum,0,0,0,0,0,0,0,0,3,0,0,0,0,0,0,0,0,0,0,0,0,0,0,0,0,0,0,0,0,3
mbpp_478_remove_lowercase,0,6,0,0,0,0,0,0,0,0,0,0,0,0,0,0,0,0,0,0,0,0,0,0,0,0,0,0,0,6
mbpp_479_first_Digit,6,0,0,0,0,0,0,0,0,0,0,0,0,0,7,0,0,0,0,0,0,0,0,0,0,0,0,0,0,13
mbpp_4_heap_queue_largest,0,0,0,0,0,0,0,0,6,0,3,0,0,0,0,0,0,0,0,0,0,0,0,0,0,0,0,0,0,9
mbpp_556_find_Odd_Pair,0,0,3,0,0,0,0,0,11,0,0,0,0,0,0,0,0,3,0,0,0,0,0,0,0,0,0,0,0,17
mbpp_558_digit_distance_nums,2,0,0,0,0,0,0,0,0,0,0,0,0,0,0,0,0,0,0,0,0,0,0,0,0,0,0,0,0,2
mbpp_559_max_sub_array_sum,0,0,0,0,0,0,0,0,22,0,3,0,0,0,0,0,0,0,0,0,0,0,0,0,0,0,0,0,0,25
mbpp_562_Find_Max_Length,0,0,0,0,0,0,0,0,39,0,3,0,0,0,3,0,0,0,0,0,0,0,0,0,0,0,0,0,0,45
mbpp_564_count_Pairs,3,3,0,0,0,0,0,0,28,0,3,0,0,0,3,0,0,0,0,0,0,0,0,0,0,0,0,0,0,40
mbpp_565_split,0,0,0,0,0,0,0,0,0,0,0,0,0,0,0,3,0,0,0,0,0,0,0,0,0,0,0,0,0,3
mbpp_566_sum_digits,0,0,0,0,0,0,0,0,0,0,0,0,0,0,6,0,0,0,0,0,0,0,0,0,0,0,0,0,0,6
mbpp_567_issort_list,0,0,0,0,0,0,0,0,23,0,0,0,0,0,0,0,0,0,0,0,0,0,0,0,0,0,0,0,0,23
mbpp_569_sort_sublists,0,0,0,33,0,0,0,0,10,0,0,0,3,0,0,2,0,6,0,0,0,0,0,0,0,0,0,0,0,54
mbpp_572_two_unique_nums,0,0,0,0,0,0,0,0,0,0,0,0,0,0,0,0,0,2,0,0,0,0,0,0,0,0,0,0,0,2
mbpp_573_unique_product,8,0,0,0,0,0,0,0,4,0,0,0,0,0,0,0,0,3,0,0,0,0,0,0,0,0,0,0,0,15
mbpp_576_is_Sub_Array,0,0,0,0,0,0,0,0,39,0,0,0,0,0,0,0,0,0,0,0,0,0,0,0,0,0,0,0,0,39
mbpp_577_last_Digit_Factorial,4,0,0,0,0,0,0,0,0,0,0,0,0,0,13,0,0,0,0,0,0,0,0,0,0,0,0,0,0,17
mbpp_578_interleave_lists,0,0,0,0,0,0,0,0,110,0,0,0,0,0,0,0,0,0,0,0,0,0,0,0,0,0,0,0,0,110
mbpp_57_find_Max_Num,3,0,0,0,0,0,0,0,9,0,0,0,0,0,3,0,0,0,0,0,0,0,0,0,0,0,0,0,0,15
mbpp_583_catalan_number,28,3,0,0,0,3,0,0,0,0,0,0,0,0,71,0,0,0,0,0,0,0,0,0,0,0,0,0,0,105
mbpp_584_find_adverbs,0,7,0,3,0,0,0,0,11,0,0,0,0,0,0,42,0,0,0,0,0,0,0,0,0,0,3,0,3,69
mbpp_586_split_Arr,0,0,0,0,0,3,0,0,9,0,0,0,18,0,1,0,0,4,0,0,0,0,0,0,0,0,0,0,0,35
mbpp_589_perfect_squares,5,0,0,0,0,0,0,0,0,0,3,0,8,0,0,0,0,0,0,0,0,0,0,0,0,0,0,0,0,16
mbpp_591_swap_List,0,0,0,0,0,0,0,0,63,0,0,0,6,0,0,0,0,6,0,0,0,0,0,0,0,0,0,0,0,75
mbpp_592_sum_Of_product,5,0,0,0,0,0,0,0,0,0,0,0,0,0,2,0,0,0,0,0,0,0,0,0,0,0,0,0,0,7
mbpp_593_removezero_ip,0,42,0,0,0,3,0,0,0,0,0,27,0,1,0,28,0,0,0,0,0,0,0,0,0,0,0,0,0,101
mbpp_594_diff_even_odd,3,3,0,0,0,0,0,0,19,0,0,0,0,0,3,0,0,0,0,0,0,0,0,0,0,0,0,0,0,28
mbpp_597_find_kth,0,0,0,0,0,3,0,0,60,0,0,0,0,0,35,0,0,0,0,0,0,0,0,0,0,0,0,0,0,98
mbpp_598_armstrong_number,3,0,0,0,0,0,0,0,0,0,0,3,0,0,0,0,0,0,0,0,0,0,0,0,0,0,0,0,0,6
mbpp_602_first_repeated_char,0,3,0,0,0,0,0,0,0,0,0,0,0,0,0,99,0,0,0,0,0,0,0,0,0,0,0,0,0,102
mbpp_603_get_ludic,0,0,0,0,0,0,0,0,0,0,0,0,12,0,0,0,0,0,0,0,0,0,0,0,0,0,0,0,0,12
mbpp_604_reverse_words,0,3,0,0,0,0,0,0,3,0,0,0,0,0,0,6,0,0,0,0,0,0,0,0,0,0,0,0,0,12
mbpp_611_max_of_nth,0,0,0,0,0,0,0,0,4,0,0,0,0,0,0,0,0,0,0,0,0,0,0,0,0,0,0,0,0,4
mbpp_618_div_list,0,0,0,0,0,0,0,0,6,0,0,0,0,0,0,0,0,0,0,0,3,0,0,0,0,0,1,0,0,10
mbpp_619_move_num,0,5,0,0,0,0,0,0,0,0,0,50,3,0,0,33,3,0,0,0,0,0,0,0,0,0,3,0,0,97
mbpp_61_count_Substrings,0,0,0,0,0,0,0,0,0,0,0,9,0,0,3,32,0,0,0,0,0,0,0,0,0,0,0,0,0,44
mbpp_622_get_median,0,0,0,0,0,0,0,0,15,0,0,0,0,0,63,0,0,0,0,0,0,0,0,0,0,0,0,0,0,78
mbpp_623_nth_nums,3,3,0,0,0,0,0,0,16,0,0,0,0,1,4,0,0,0,0,0,0,0,0,0,0,0,0,0,0,27
mbpp_624_is_upper,0,0,0,0,0,0,0,0,0,0,0,0,0,0,0,3,0,0,0,0,0,0,0,0,0,0,0,0,0,3
mbpp_625_swap_List,0,0,0,0,0,0,0,0,3,0,0,0,0,0,0,0,0,0,0,0,0,0,0,0,0,0,0,0,0,3
mbpp_626_triangle_area,0,0,0,0,0,0,0,0,0,0,0,0,0,0,0,0,3,0,0,0,0,0,0,0,0,0,3,0,0,6
mbpp_627_find_First_Missing,0,0,0,0,0,1,0,0,26,0,0,0,0,0,1,0,0,0,0,0,0,0,0,0,0,0,0,0,0,28
mbpp_628_replace_spaces,0,0,0,0,0,0,0,0,0,0,0,0,0,0,0,0,3,0,0,0,0,0,0,0,0,0,0,0,0,3
mbpp_632_move_zero,0,0,0,0,0,0,0,0,20,0,0,0,0,0,0,0,0,0,0,0,0,0,0,0,0,0,0,0,0,20
mbpp_633_pair_xor_Sum,0,0,0,0,0,0,0,0,9,0,0,0,0,0,0,0,0,0,0,0,0,0,0,0,0,0,0,0,0,9
mbpp_635_heap_sort,0,0,0,0,0,0,0,0,24,0,9,0,0,0,9,0,0,3,0,0,0,0,0,0,0,0,0,0,0,45
mbpp_638_wind_chill,4,0,0,0,0,0,0,0,0,0,0,6,0,0,3,0,3,0,0,0,0,0,0,0,0,0,0,0,0,16
mbpp_639_sample_nam,0,0,0,0,0,0,0,0,3,0,0,0,0,0,0,0,0,15,0,0,0,0,0,0,0,0,0,0,0,18
mbpp_640_remove_parenthesis,0,0,3,0,0,0,0,0,6,0,3,0,0,0,0,3,0,6,0,0,0,0,0,0,0,0,3,0,3,27
mbpp_641_is_nonagonal,6,3,0,0,0,1,0,0,0,0,0,0,0,0,13,0,0,0,0,0,0,0,0,0,0,0,0,0,0,23
mbpp_643_text_match_wordz_middle,0,0,0,0,0,0,0,0,0,0,0,0,0,0,0,2,0,0,0,0,0,0,0,0,0,0,0,0,0,2
mbpp_644_reverse_Array_Upto_K,0,0,0,0,0,0,0,0,17,0,0,0,0,0,3,0,0,0,0,0,0,0,0,0,0,0,0,0,0,20
mbpp_68_is_Monotonic,0,3,0,0,0,0,0,0,24,0,0,0,0,0,2,0,0,0,0,0,0,0,0,0,0,0,0,0,0,29
mbpp_69_is_sublist,0,3,0,0,0,0,0,0,16,0,0,0,0,0,0,0,0,0,0,0,0,0,0,0,0,0,0,0,0,19
mbpp_6_differ_At_One_Bit_Pos,0,0,0,0,0,0,0,0,0,0,0,12,0,0,0,0,0,0,0,0,0,0,0,0,0,0,0,0,0,12
mbpp_71_comb_sort,0,2,0,0,0,0,0,0,90,0,0,0,14,3,3,0,0,3,0,0,0,0,0,0,0,0,0,0,0,115
mbpp_721_maxAverageOfPath,4,0,0,0,0,0,0,0,12,0,0,0,0,0,0,0,0,0,0,0,0,0,0,0,0,0,0,0,0,16
mbpp_723_count_same_pair,0,1,0,0,0,2,0,0,18,1,4,0,0,1,0,0,0,0,0,0,0,0,0,0,0,0,0,0,0,27
mbpp_728_sum_list,0,3,0,0,0,0,0,0,30,0,0,0,0,0,0,0,0,0,0,0,0,0,0,0,0,0,0,0,0,33
mbpp_733_find_first_occurrence,0,0,0,0,0,0,0,0,0,0,0,0,0,0,3,0,0,0,0,0,0,0,0,0,0,0,0,0,0,3
mbpp_734_sum_Of_Subarray_Prod,0,2,0,0,0,0,0,0,28,0,0,0,0,0,0,0,0,0,0,0,0,0,0,0,0,0,0,0,0,30
mbpp_736_left_insertion,0,0,0,0,0,0,0,0,11,0,0,0,0,0,0,0,0,0,0,0,0,0,0,0,0,0,0,0,0,11
mbpp_739_find_Index,6,0,0,0,0,0,0,0,0,0,0,3,0,0,7,2,0,0,0,0,0,0,0,0,0,0,0,0,0,18
mbpp_741_all_Characters_Same,0,226,0,0,0,0,0,0,0,0,0,0,0,0,0,0,0,0,0,0,0,0,0,0,0,0,0,0,0,226
mbpp_743_rotate_right,0,0,0,0,0,0,0,0,3,0,0,0,0,0,0,0,0,0,0,0,0,0,0,0,0,0,0,0,0,3
mbpp_745_divisible_by_digits,53,0,0,0,0,0,0,0,0,0,0,2,49,2,0,0,0,0,0,0,0,0,0,0,0,0,0,0,0,106
mbpp_746_sector_area,0,0,0,0,0,3,0,0,0,0,5,2,0,0,0,0,0,0,0,0,0,0,0,0,0,0,0,0,0,10
mbpp_747_lcs_of_three,0,54,0,3,0,0,0,0,0,0,3,3,0,0,16,57,0,0,0,0,0,0,0,0,0,0,0,0,0,136
mbpp_748_capital_words_spaces,0,0,0,0,0,0,0,0,0,0,0,0,0,0,0,6,0,0,0,0,0,0,0,0,0,0,0,0,0,6
mbpp_749_sort_numeric_strings,0,0,0,0,0,0,0,0,6,0,0,406,0,0,0,0,0,0,0,0,0,0,0,0,0,0,0,0,0,412
mbpp_74_is_samepatterns,0,3,0,0,0,0,0,0,31,0,0,5,0,0,0,6,0,0,0,0,0,0,0,0,0,0,2,0,0,47
mbpp_751_check_min_heap,0,0,0,0,0,0,0,0,36,0,0,0,0,0,0,0,0,0,0,0,0,0,0,0,0,0,0,0,0,36
mbpp_752_jacobsthal_num,30,0,0,0,0,0,0,0,0,0,0,0,0,0,16,0,0,0,0,0,0,0,0,0,0,0,0,0,0,46
mbpp_756_text_match_zero_one,0,6,0,0,0,0,0,0,0,0,0,0,0,0,0,40,0,0,0,0,0,0,0,0,0,0,0,0,0,46
mbpp_757_count_reverse_pairs,0,0,0,0,0,0,0,0,9,0,0,3,0,0,0,25,0,0,0,0,0,0,0,0,0,0,0,0,0,37
mbpp_760_unique_Element,0,0,0,0,0,0,0,0,3,0,0,0,0,0,0,0,0,4,0,0,0,0,0,0,0,0,0,0,0,7
mbpp_764_number_ctr,0,0,0,0,0,0,0,0,0,0,0,10,0,0,0,8,0,0,0,0,0,0,0,0,0,0,0,0,0,18
mbpp_767_get_pairs_count,1,4,0,0,0,0,0,0,33,0,0,0,0,0,2,0,0,0,0,0,0,0,0,0,0,0,0,0,0,40
mbpp_769_Diff,0,0,0,0,0,2,0,0,102,0,0,0,0,0,0,0,0,0,0,0,0,0,0,0,0,0,2,0,0,106
mbpp_771_check_expression,0,6,0,0,0,0,0,0,0,0,3,0,0,3,0,6,0,0,12,0,0,0,0,0,0,0,3,0,0,33
mbpp_772_remove_length,0,1,0,0,0,0,0,0,0,0,3,0,0,0,0,3,3,0,0,0,0,0,0,0,0,0,0,0,0,10
mbpp_775_odd_position,0,0,0,0,0,0,0,0,14,0,1,0,0,0,0,0,0,0,0,0,0,0,0,0,0,0,0,0,0,15
mbpp_776_count_vowels,0,4,0,0,0,0,0,0,0,0,0,0,0,0,0,38,0,0,0,0,0,0,0,0,0,0,0,0,0,42
mbpp_77_is_Diff,3,0,0,0,0,0,0,0,0,0,0,0,0,0,17,0,0,0,0,0,0,0,0,0,0,0,0,0,0,20
mbpp_781_count_divisors,11,0,0,0,0,0,0,0,0,0,0,0,3,0,0,0,0,0,0,0,0,0,0,0,0,0,0,0,0,14
mbpp_782_odd_length_sum,0,0,0,0,0,0,0,0,11,0,0,0,0,0,0,0,0,0,0,0,0,0,0,0,0,0,0,0,0,11
mbpp_784_mul_even_odd,0,0,3,0,0,0,0,0,3,0,3,0,0,0,0,0,0,0,0,0,0,0,0,0,0,0,2,0,0,11
mbpp_786_right_insertion,0,0,0,0,0,0,0,0,10,0,0,0,0,0,1,0,0,0,0,0,0,0,0,0,0,0,0,0,0,11
mbpp_790_even_position,0,0,0,0,0,0,0,0,3,0,0,0,0,0,0,0,0,0,0,0,0,0,0,0,0,0,0,0,0,3
mbpp_793_last,0,0,0,0,0,0,0,0,8,0,0,0,0,0,0,0,0,0,0,0,0,0,0,0,0,0,0,0,0,8
mbpp_794_text_starta_endb,0,0,0,0,0,3,0,0,0,0,0,0,0,0,0,3,0,0,0,0,0,0,0,0,0,0,0,0,0,6
mbpp_801_test_three_equal,7,0,0,0,0,0,0,0,0,0,0,0,0,0,0,0,0,0,0,0,0,0,0,0,0,0,0,0,0,7
mbpp_802_count_rotation,0,0,0,0,0,0,0,0,107,0,5,0,0,0,5,0,0,0,0,0,0,0,0,0,0,0,0,0,0,117
mbpp_803_is_perfect_square,18,0,0,0,0,6,0,0,0,0,0,0,0,0,6,0,0,0,0,0,0,0,0,0,0,0,0,0,0,30
mbpp_805_max_sum_list,0,0,0,0,0,0,0,0,216,0,6,0,3,0,0,0,0,3,0,0,0,0,0,0,0,0,0,0,0,228
mbpp_83_get_Char,0,0,0,0,0,0,0,0,0,0,0,4,0,0,0,15,0,0,0,0,3,0,0,0,0,0,0,0,0,22
mbpp_84_sequence,2,3,0,0,0,0,0,0,0,0,0,0,0,0,0,0,0,0,0,0,0,0,0,0,0,0,0,0,0,5
mbpp_87_merge_dictionaries_three,0,0,0,0,0,0,0,0,0,0,0,0,0,0,0,0,6,3,0,0,0,0,0,0,0,0,0,0,0,9
mbpp_88_freq_count,0,0,0,0,0,0,0,0,0,0,12,0,0,0,0,0,0,0,0,0,0,0,0,0,0,0,0,0,0,12
mbpp_89_closest_num,3,0,0,0,0,0,0,0,0,0,0,0,0,0,3,0,0,0,0,0,0,0,0,0,0,0,0,0,0,6
mbpp_92_is_undulating,15,0,0,0,0,3,0,0,0,0,0,0,0,0,0,0,0,0,0,0,0,0,0,0,0,0,0,0,0,18
mbpp_93_power,0,0,0,0,0,3,0,0,0,0,0,0,0,2,20,0,6,0,0,0,0,0,0,0,0,0,0,0,0,31
mbpp_96_divisor,15,6,0,0,0,0,0,0,0,0,0,0,0,0,3,0,0,0,0,0,0,0,0,0,0,0,0,0,0,24
mbpp_99_decimal_to_binary,0,3,0,0,0,0,0,0,0,0,0,3,0,0,0,8,0,0,0,0,0,0,0,0,0,0,0,0,0,14
mbpp_9_find_Rotations,0,4,0,0,0,0,0,0,0,0,0,0,0,0,15,82,0,0,0,0,0,0,0,0,0,0,0,0,0,101
